Fighter,Total Fights,Wins,Finishes,Submission Wins,Total Fight Night Bonuses,Total Fight Time,Submission Attempts,Decision Wins,KO/TKO Wins,Knockdowns Landed,Control Time,Top Position Time,Takedowns Landed,Total Strikes Landed,Sig Strikes Landed,Win Streak,Title Fight Wins,Bottom Position Percentage,Takedown Defense,Control Time Percentage,Striking Differential,Sig Strike Defense,Takedown Accuracy,Longest Avg. Fight Time,Top Position Percentage,Shortest Avg. Fight Time,Bottom Position Time,Knockdown Avg. per 15 Min.,Strikes Landed per Min.,Strikes Absorbed per Min.,Sig Strike Accuracy,Submission Avg. per 15 Min.
Jim Miller,47,28,20,14,16,7:32:57,52,,,,,,,,,,,,,,,,,,,,,,,,,
Andrei Arlovski,42,23,,,,6:49:58,,12,,,,,,,,,,,,,,,,,,,,,,,,
Donald Cerrone,38,23,16,,18,,,,10,20,,,,,,,,,,,,,,,,,,,,,,
Clay Guida,37,,,,,7:03:17,,,,,2:36:28,1:48:14,78,,,,,,,,,,,,,,,,,,,
Charles Oliveira,37,25,21,17,21,,51,,,,,,,,,,,,,,,,,,,,,,,,,
Neil Magny,37,24,,,,7:22:49,,14,,,,,,2729,,,,,,,,,,,,,,,,,,
Rafael Dos Anjos,36,21,,,,8:43:19,,12,,,2:16:43,,68,2591,1822,,,,,,,,,,,,,,,,,
Jeremy Stephens,36,,,,,6:48:52,,,,18,,,,,,,,,,,,,,,,,,,,,,
Demian Maia,33,22,,11,,6:49:40,27,,,,2:35:20,2:01:15,68,,,,,,,,,,,,,,,,,,,
Max Holloway,33,24,14,,13,8:53:52,,,12,,,,,3994,3693,13,,,,,,,,,,,,,,,,
Jon Jones,,22,,,,,,,,,,,,,,13,16,0.19%,95.0%,,,,,,,,,,,,,
Dustin Poirier,,22,15,,15,,25,,11,15,,,,,1861,,,,,,,,,,,,,,,,,
Derrick Lewis,,,16,,,,,,16,,,,,,,,,,,,,,,,,,,,,,,
Matt Brown,,,15,,,,24,,13,,,,,,,,,,,,,,,,,,,,,,,
Vicente Luque,,,15,7,,,,,,,,,,,,,,,,,,,,,,,,,,,,
Anderson Silva,,,14,,14,,,,11,18,,,,,,16,11,,,,,,,,,,,,,,,
Frank Mir,,,13,8,,,,,,,,,,,,,,,,,,,,,,,,,,,,
Joe Lauzon,,,13,7,15,,29,,,,,,,,,,,,,,,,,,,,,,,,,
Glover Teixeira,,,13,7,,,,,,,,,,,,,,,,,,,,,,,,,,,,
Gerald Meerschaert,,,,11,,,,,,,,,,,,,,,,,,,,,,,,,,,,
Nate Diaz,,,,10,16,,26,,,,,,,2487,,,,,,,,,,,,,,,,,,
Michael Chiesa,,,,9,,,,,,,,,,,,,,,,,,,,,,,,,,,,
Gunnar Nelson,,,,8,,,,,,,,,,,,,,,,,,,,,,,,,,,,
Islam Makhachev,,,,8,,,,,,,,,,,,16,,,91.3%,,,,,,,,,,,,,
Kenny Florian,,,,7,,,,,,,,,,,,,,,,,,,,,,,,,,,,
Cole Miller,,,,7,,,24,,,,,,,,,,,,,,,,,,,,,,,,,
Rani Yahya,,,,7,,,,,,,,,,,,,,,,,,,,,,,,,,,,
Aleksei Oleinik,,,,7,,,,,,,,,,,,,,,,,,,,,,,,,,,,
Renato Moicano,,,,7,,,,,,,,,,,,,,,,,,,,,,,,,,,,
Gillian Robertson,,,,7,,,,,,,,1:34:00,,,,,,,,,,,,,,,,,,,,
Brendan Allen,,,,7,,,,,,,,,,,,,,,,,,,,,,,,,,,,
Justin Gaethje,,,,,17,,,,,,,,,,,,,,,,,,,,,,,,,,,
Edson Barboza,,,,,13,,,,,16,,,,,,,,,,,,,,,,,,,,,,
Frankie Edgar,,,,,,7:57:10,,,,,,,73,,1801,,,,,,,,,,,,,,,,,
Angela Hill,,,,,,7:12:45,,,,,,,,2763,2364,,,,,,,,,,,,,,,,,
Georges St-Pierre,,,,,,,24,12,,,2:42:04,2:22:05,90,2591,,13,13,,,,,73.1%,73.8%,,,,,,,,,
Darren Elkins,,,,,,,25,12,,,2:09:03,1:40:05,,2621,,,,,,,,,,,,,,,,,,
Nik Lentz,,,,,,,26,,,,,,69,,,,,,,,,,,,,,,,,,,
Chris Lytle,,,,,,,31,,,,,,,,,,,,,,,,,,,,,,,,,
Joe Stevenson,,,,,,,24,,,,,,,,,,,,,,,,,,,,,,,,,
Brad Tavares,,,,,,,,14,,,,,,,,,,,,,,,,,,,,,,,,
Diego Sanchez,,,,,,,,12,,,,,,,,,,,,,,,,,,,,,,,,
Sean Strickland,,,,,,,,12,,,,,,2643,2430,,,,,,,,,,,,,,,,,
Belal Muhammad,,,,,,,,12,,,,,,,,,,,,,,,,,,,,,,,,
Merab Dvalishvili,,,,,,,,12,,,,,119,2782,,14,,,,,,,,17:36,,,,,,,,
Anthony Johnson,,,,,,,,,11,,,,,,,,,,,,,,,,,,,,,,,
Drew Dober,,,,,,,,,11,,,,,,,,,,,,,,,,,,,,,,,
Thiago Santos,,,,,,,,,11,14,,,,,,,,,,,,,,,,,,,,,,
Michael Bisping,,,,,,,,,10,,,,,,,,,,,,,,,,,,,,,,,
Cain Velasquez,,,,,,,,,10,,,,,,,,,,,60.4%,4.08,,,,,,,,,,,
Junior Dos Santos,,,,,,,,,10,14,,,,,,,,,,,,,,,,,,,,,,
Francis Ngannou,,,,,,,,,10,,,,,,,,,,,,,,,,,,,,,,,
Chuck Liddell,,,,,,,,,,14,,,,,,,,,,,,,,,,,,,,,,
Lyoto Machida,,,,,,,,,,14,,,,,,,,,,,,,,,,,,,,,,
Mauricio Rua,,,,,,,,,,14,,,,,,,,,,,,,,,,,,,,,,
Khalil Rountree Jr.,,,,,,,,,,14,,,,,,,,,,,,,,,,,,,,,,
Kamaru Usman,,,,,,,,,,,2:27:12,1:37:33,,2663,,15,,,,,,,,18:12,,,,,,,,
Valentina Shevchenko,,,,,,,,,,,1:53:49,1:38:16,,,,,11,,,,,,,19:04,,,,,,,,
Randy Couture,,,,,,,,,,,2:06:42,,,,,,8,,,,,,,,,,,,,,,
Jon Fitch,,,,,,,,,,,2:08:26,1:46:35,,,,,,,,,,,,,,,,,,,,
Colby Covington,,,,,,,,,,,2:05:05,,70,,,,,,,,,,,,,,,,,,,
Matt Hughes,,,,,,,,,,,,1:45:08,,,,,9,,,,,,,,51.6%,,,,,,,
Grant Dawson,,,,,,,,,,,,1:35:15,,,,,,,,65.1%,,,,,56.1%,,,,,,,
Demetrious Johnson,,,,,,,,,,,,,74,,,13,12,,,,,,,18:34,,,,,,,,
Gleison Tibau,,,,,,,,,,,,,84,,,,,,92.1%,,,,,,,,,,,,,
Alexander Volkanovski,,,,,,,,,,,,,,,1815,12,8,,,,,,,,,,,,,,,
Joanna Jedrzejczyk,,,,,,,,,,,,,,,1754,,,,,,3.03,,,18:37,,,,,,,,
King Green,,,,,,,,,,,,,,,2124,,,,,,,,,,,,,,,,,
Jessica Andrade,,,,,,,,,,,,,,,1824,,,,,,,,,,,,,,,,,
Khabib Nurmagomedov,,,,,,,,,,,,,,,,13,,,,,,,,,,,,,,,,
Amanda Nunes,,,,,,,,,,,,,,,,12,11,,,,,,,,,,,,,,,
Tony Ferguson,,,,,,,,,,,,,,,,12,,,,,,,,,,,,,,,,
Jose Aldo,,,,,,,,,,,,,,,,,8,,91.6%,,,,,,,,,,,,,
Israel Adesanya,,,,,,,,,,,,,,,,,8,,,,,,,17:09,,,,,,,,
Tom Aspinall,,,,,,,,,,,,,,,,,,0.07%,,,4.01,,,,,2:18,0:01,3.27,7.63,,,
Ateba Gautier,,,,,,,,,,,,,,,,,,0.0%,,,,,,,,,0:00,3.27,,,,
Ikram Aliskerov,,,,,,,,,,,,,,,,,,0.12%,,,,,,,,,0:03,,,,,
Philipe Lins,,,,,,,,,,,,,,,,,,0.13%,,,,,,,,,0:05,,,,,
Zubaira Tukhugov,,,,,,,,,,,,,,,,,,0.12%,,,,,,,,,0:08,,,,,
Adriano Martins,,,,,,,,,,,,,,,,,,0.26%,,,,,,,,,0:09,,,,,
Riki Fukuda,,,,,,,,,,,,,,,,,,0.22%,,,,,,,,,0:10,,,,,
Carlos Ulberg,,,,,,,,,,,,,,,,,,0.26%,,,,,,,,,,,,,,
Alice Ardelean,,,,,,,,,,,,,,,,,,0.26%,,,,,,,,,,,,,,
Shane Burgos,,,,,,,,,,,,,,,,,,,91.5%,,,,,,,,,,7.4,,,
Julio Arce,,,,,,,,,,,,,,,,,,,96.2%,,,,,,,,,,,,,
Ilia Topuria,,,,,,,,,,,,,,,,,,,95.2%,,,,,,,,,,,,,
Eddie Wineland,,,,,,,,,,,,,,,,,,,93.3%,,,,,,,,,,,,,
Jimmie Rivera,,,,,,,,,,,,,,,,,,,92.6%,,,,,,,,,,,,,
Renan Barao,,,,,,,,,,,,,,,,,,,92.5%,,,,,,,,,,,,,
Bartosz Fabinski,,,,,,,,,,,,,,,,,,,,79.1%,,,70.6%,,62.2%,,,,,,,
Gregor Gillespie,,,,,,,,,,,,,,,,,,,,71.9%,,,,,52.5%,,,,,,,
Pat Sabatini,,,,,,,,,,,,,,,,,,,,71.0%,,,,,51.1%,,,,,1.16,,
Jailton Almeida,,,,,,,,,,,,,,,,,,,,69.9%,,,,,63.7%,,,,,1.32,,
Chael Sonnen,,,,,,,,,,,,,,,,,,,,69.3%,,,,,63.0%,,,,,1.32,,
Matt Lindland,,,,,,,,,,,,,,,,,,,,66.1%,,,,,54.3%,,,,,1.31,,
Philip De Fries,,,,,,,,,,,,,,,,,,,,65.6%,,,,,,,,,,,,
Charlie Brenneman,,,,,,,,,,,,,,,,,,,,61.7%,,,,,54.8%,,,,,,,
Terrance McKinney,,,,,,,,,,,,,,,,,,,,,3.19,,,,,2:28,,,7.95,,,
Todd Duffee,,,,,,,,,,,,,,,,,,,,,3.26,,,,,3:26,,2.91,,,,
Ciryl Gane,,,,,,,,,,,,,,,,,,,,,3.09,,,,,,,,,,61.7%,
Cristiane Justino,,,,,,,,,,,,,,,,,,,,,4.79,,,,,,,,,,,
Wang Cong,,,,,,,,,,,,,,,,,,,,,4.02,,,,,,,,,,,
Navajo Stirling,,,,,,,,,,,,,,,,,,,,,3.62,,,,,,,,,,,
Michael Morales,,,,,,,,,,,,,,,,,,,,,3.04,,,,,,,,,,,
Phil Davis,,,,,,,,,,,,,,,,,,,,,,72.3%,,,,,,,,,,
Ryan Bader,,,,,,,,,,,,,,,,,,,,,,71.8%,,,,,,,,,,
Danielle Taylor,,,,,,,,,,,,,,,,,,,,,,71.7%,,,,,,,,,,
Mara Romero Borella,,,,,,,,,,,,,,,,,,,,,,71.2%,,,,,,,,,,
Vaughan Lee,,,,,,,,,,,,,,,,,,,,,,70.2%,,,,,,,,,,
Luigi Fioravanti,,,,,,,,,,,,,,,,,,,,,,69.9%,,,,,,,,,,
Desmond Green,,,,,,,,,,,,,,,,,,,,,,69.0%,,,,,,,,,,
Enrique Barzola,,,,,,,,,,,,,,,,,,,,,,68.7%,,,,,,,,,,
Jacqueline Cavalcanti,,,,,,,,,,,,,,,,,,,,,,68.6%,,,,,,,,,,
Renato Sobral,,,,,,,,,,,,,,,,,,,,,,,66.7%,,,,,,,1.25,,3.16
Nordine Taleb,,,,,,,,,,,,,,,,,,,,,,,76.2%,,,,,,,,,
Taila Santos,,,,,,,,,,,,,,,,,,,,,,,75.0%,,,,,,,,,
Robbie Lawler,,,,,,,,,,,,,,,,,,,,,,,73.9%,,,,,,,,,
Jonathan Goulet,,,,,,,,,,,,,,,,,,,,,,,70.0%,,,,,,,,,
Diego Brandao,,,,,,,,,,,,,,,,,,,,,,,68.0%,,,,,,,,,
Melvin Guillard,,,,,,,,,,,,,,,,,,,,,,,66.7%,,,,,,,,,
Makhmud Muradov,,,,,,,,,,,,,,,,,,,,,,,66.7%,,,,,,,,,
Joanderson Brito,,,,,,,,,,,,,,,,,,,,,,,66.7%,,,,,,,,,
Fatima Kline,,,,,,,,,,,,,,,,,,,,,,,66.7%,,,,,,,,,
Dominick Cruz,,,,,,,,,,,,,,,,,,,,,,,,18:20,,,,,,,,
Benson Henderson,,,,,,,,,,,,,,,,,,,,,,,,18:02,,,,,,,,
Petr Yan,,,,,,,,,,,,,,,,,,,,,,,,17:38,,,,,,,,
Marvin Vettori,,,,,,,,,,,,,,,,,,,,,,,,17:09,,,,,,,,
Khamzat Chimaev,,,,,,,,,,,,,,,,,,,,,,,,,52.6%,,,,,,,
Drew McFedries,,,,,,,,,,,,,,,,,,,,,,,,,,2:20,,4.27,,,,
James Irvin,,,,,,,,,,,,,,,,,,,,,,,,,,2:53,,,,,,
Manuel Torres,,,,,,,,,,,,,,,,,,,,,,,,,,2:56,,2.93,,,,
Ronda Rousey,,,,,,,,,,,,,,,,,,,,,,,,,,3:06,,,,,,
Chris Daukaus,,,,,,,,,,,,,,,,,,,,,,,,,,3:11,,3.54,,,,
Cyril Asker,,,,,,,,,,,,,,,,,,,,,,,,,,3:24,,,,,,
Gadzhimurad Antigulov,,,,,,,,,,,,,,,,,,,,,,,,,,3:27,,,,,,
Sam Patterson,,,,,,,,,,,,,,,,,,,,,,,,,,,0:07,,,,,
Chris Padilla,,,,,,,,,,,,,,,,,,,,,,,,,,,0:09,,,,,
Ike Villanueva,,,,,,,,,,,,,,,,,,,,,,,,,,,0:10,,,,,
Uros Medic,,,,,,,,,,,,,,,,,,,,,,,,,,,,2.88,,,,
Carlos Prates,,,,,,,,,,,,,,,,,,,,,,,,,,,,2.32,,,,
Mauricio Ruffy,,,,,,,,,,,,,,,,,,,,,,,,,,,,2.06,,,,
Shane Carwin,,,,,,,,,,,,,,,,,,,,,,,,,,,,2.03,,,,
Joshua Van,,,,,,,,,,,,,,,,,,,,,,,,,,,,,8.43,,,
Casey O'Neill,,,,,,,,,,,,,,,,,,,,,,,,,,,,,7.89,,,
Leslie Smith,,,,,,,,,,,,,,,,,,,,,,,,,,,,,7.56,,,
Emily Ducote,,,,,,,,,,,,,,,,,,,,,,,,,,,,,7.45,,,
Hyder Amil,,,,,,,,,,,,,,,,,,,,,,,,,,,,,7.28,,,
Esteban Ribovics,,,,,,,,,,,,,,,,,,,,,,,,,,,,,7.24,,,
Daniel Rodriguez,,,,,,,,,,,,,,,,,,,,,,,,,,,,,7.2,,,
Pete Spratt,,,,,,,,,,,,,,,,,,,,,,,,,,,,,,1.04,,
Ivan Salaverry,,,,,,,,,,,,,,,,,,,,,,,,,,,,,,1.15,,
Jon Madsen,,,,,,,,,,,,,,,,,,,,,,,,,,,,,,1.18,,
Jeremiah Wells,,,,,,,,,,,,,,,,,,,,,,,,,,,,,,1.28,,
Ricco Rodriguez,,,,,,,,,,,,,,,,,,,,,,,,,,,,,,1.31,,
Alistair Overeem,,,,,,,,,,,,,,,,,,,,,,,,,,,,,,,74.3%,
Shara Magomedov,,,,,,,,,,,,,,,,,,,,,,,,,,,,,,,62.8%,
Josh Barnett,,,,,,,,,,,,,,,,,,,,,,,,,,,,,,,61.5%,
Alex Pereira,,,,,,,,,,,,,,,,,,,,,,,,,,,,,,,61.4%,
Phil Hawes,,,,,,,,,,,,,,,,,,,,,,,,,,,,,,,60.7%,
Anthony Hernandez,,,,,,,,,,,,,,,,,,,,,,,,,,,,,,,60.7%,
Sean O'Malley,,,,,,,,,,,,,,,,,,,,,,,,,,,,,,,60.3%,
Tatiana Suarez,,,,,,,,,,,,,,,,,,,,,,,,,,,,,,,60.2%,
Chidi Njokuani,,,,,,,,,,,,,,,,,,,,,,,,,,,,,,,60.0%,
Paul Sass,,,,,,,,,,,,,,,,,,,,,,,,,,,,,,,,7.38
John Albert,,,,,,,,,,,,,,,,,,,,,,,,,,,,,,,,6.14
TJ Waldburger,,,,,,,,,,,,,,,,,,,,,,,,,,,,,,,,4.79
Jaqueline Amorim,,,,,,,,,,,,,,,,,,,,,,,,,,,,,,,,4.27
Dustin Hazelett,,,,,,,,,,,,,,,,,,,,,,,,,,,,,,,,4.14
Shannon Gugerty,,,,,,,,,,,,,,,,,,,,,,,,,,,,,,,,3.41
Tim Credeur,,,,,,,,,,,,,,,,,,,,,,,,,,,,,,,,3.29
Jason High,,,,,,,,,,,,,,,,,,,,,,,,,,,,,,,,3.26
Dave Menne,,,,,,,,,,,,,,,,,,,,,,,,,,,,,,,,3.25
